date,food_cpi_yoy,fx_official,pms_price,diesel_price,rainfall_mm,fao_food_index,cereals,oils,fx_chg_3m,fx_chg_6m,fx_depreciation_flag,fuel_shock_3m,fuel_shock_flag,diesel_shock_3m,rainfall_anomaly,drought_flag,global_food_shock_3m,cereals_shock_3m,oils_shock_3m,food_cpi_lag1,food_cpi_lag3,food_cpi_lag6,food_cpi_lag12,food_cpi_mom,target_3m,target_6m,risk_class,month,quarter,planting_season,harvest_season,ramadan_flag
2012-05-01,12.9,158.46,97.0,155.0,123.51,119.0,126.3,144.4,,,0,,0,,0.15675465942387726,0,,,,,,,,,9.9,11.6,Low,5,2,1,0,0
2012-06-01,12.0,162.33,97.0,154.8,145.7,115.8,125.3,135.26,,,0,,0,,0.04711450601123194,0,,,,12.9,,,,-0.9000000000000004,10.2,10.2,Low,6,2,1,0,0
2012-07-01,12.1,161.33,97.0,155.1,225.55,122.0,143.9,138.56,,,0,,0,,0.2566459726201847,0,,,,12.0,,,,0.09999999999999964,11.1,10.1,Low,7,3,0,0,1
2012-08-01,9.9,158.97,97.0,156.5,256.98,123.2,147.1,138.31,0.3218477849299406,,0,0.0,0,0.967741935483879,0.06526199845439128,0,3.529411764705892,16.468725257323836,-4.217451523545712,12.1,12.9,,,-2.1999999999999993,11.6,11.0,Low,8,3,0,0,0
2012-09-01,10.2,157.78,97.0,157.2,200.25,125.1,146.8,136.93,-2.8029322984044924,,0,0.0,0,1.5503875968992054,0.010459617658083691,0,8.031088082901562,17.158818834796506,1.2346591749223812,9.9,12.0,,,0.29999999999999893,10.2,9.5,Low,9,3,0,0,0
2012-10-01,11.1,157.24,97.0,158.0,101.1,124.0,146.5,124.9,-2.5351763466187283,,0,0.0,0,1.869761444229523,-0.054685830305620894,0,1.6393442622950838,1.8068102849200685,-9.858545034642031,10.2,12.1,,,0.9000000000000004,10.1,10.0,Low,10,4,0,1,0
2012-11-01,11.6,157.58,97.0,158.6,30.74,123.5,148.5,121.52,-0.8743788136126196,-0.5553451975261914,0,0.0,0,1.3418530351437585,0.21921921921921916,0,0.24350649350648457,0.9517335146159045,-12.139397006724028,11.1,9.9,12.9,,0.5,11.0,9.3,Low,11,4,0,1,0
2012-12-01,10.2,157.33,97.0,159.4,6.69,122.8,146.4,118.38,-0.28520725060209307,-3.080145382862076,0,0.0,0,1.3994910941475869,0.07432897453544386,0,-1.8385291766586653,-0.27247956403270157,-13.547067844884253,11.6,10.2,12.0,,-1.4000000000000004,9.5,9.6,Low,12,4,0,1,0
2013-01-01,10.1,156.96,97.0,160.0,11.09,123.4,145.2,124.28,-0.17807173747138583,-2.708733651521733,0,0.0,0,1.2658227848101333,0.8148451198129748,0,-0.4838709677419284,-0.8873720136518881,-0.4963971176941584,10.2,11.1,12.1,,-0.09999999999999964,10.0,10.0,Low,1,1,0,0,0
2013-02-01,11.0,157.52,97.0,160.8,7.85,123.3,142.3,125.55,-0.03807589795659094,-0.9121217839843876,0,0.0,0,1.3871374527112401,-0.3900882401909096,1,-0.16194331983805377,-4.175084175084165,3.316326530612246,10.1,11.6,9.9,,0.9000000000000004,9.3,9.7,Low,2,1,0,0,0
2013-03-01,9.5,158.38,97.0,161.0,27.81,122.9,139.9,122.38,0.6673870209114474,0.3802763341361315,0,0.0,0,1.0037641154328591,-0.1346653923943725,0,0.08143322475571146,-4.43989071038251,3.3789491468153354,11.0,10.2,10.2,,-1.5,9.6,9.4,Low,3,1,0,0,0
2013-04-01,10.0,158.2,97.0,160.4,79.07,122.9,134.9,120.64,0.790010193679902,0.6105316713304276,0,0.0,0,0.24999999999999467,0.500623576618588,0,-0.4051863857374438,-7.093663911845716,-2.9288702928870314,9.5,10.1,11.1,,0.5,10.0,9.2,Low,4,2,1,0,0
2013-05-01,9.3,158.02,97.0,159.8,101.06,122.2,136.4,121.05,0.31742001015744314,0.2792232516816817,0,0.0,0,-0.6218905472636815,-0.05350476980506004,0,-0.8921330089213253,-4.146170063246668,-3.584229390681004,10.0,11.0,11.6,12.9,-0.6999999999999993,9.7,9.3,Low,5,2,1,0,0
2013-06-01,9.6,160.02,97.0,159.0,120.2,120.9,133.8,120.68,1.0354842783179885,1.7097819869065,0,0.0,0,-1.2422360248447228,-0.1361484995020584,0,-1.6273393002441017,-4.360257326661898,-1.3891158686059724,9.3,9.5,10.2,12.0,0.29999999999999893,9.4,9.3,Low,6,2,1,0,0
2013-07-01,10.0,161.12,97.0,158.1,156.06,118.0,126.4,116.22,1.845764854614429,2.650356778797147,0,0.0,0,-1.4339152119700826,-0.13051575931232096,0,-3.986981285598057,-6.3009636767976325,-3.6637931034482762,9.6,10.0,10.1,12.1,0.40000000000000036,9.2,9.3,Low,7,3,0,0,1
2013-08-01,9.7,161.15,97.0,157.2,232.62,116.2,119.2,111.89,1.9807619288697564,2.304469273743015,0,0.0,0,-1.6270337922403177,-0.03571777538928911,0,-4.909983633387894,-12.609970674486803,-7.567121024370094,10.0,9.3,11.0,9.9,-0.3000000000000007,9.3,9.2,Low,8,3,0,0,0
2013-09-01,9.4,161.96,97.0,156.0,170.3,116.4,116.7,112.92,1.2123484564429354,2.26038641242583,0,0.0,0,-1.8867924528301883,-0.14066780081312527,0,-3.7220843672456594,-12.780269058295968,-6.430228704010609,9.7,9.6,9.5,10.2,-0.29999999999999893,9.3,9.3,Low,9,3,0,0,0
2013-10-01,9.2,159.83,97.0,155.8,104.0,118.7,118.7,116.04,-0.8006454816285924,1.0303413400758688,0,0.0,0,-1.454775458570512,-0.027569993588373566,0,0.5932203389830581,-6.091772151898733,-0.15487867836860847,9.4,10.0,10.0,11.1,-0.20000000000000107,9.3,9.4,Low,10,4,0,1,0
2013-11-01,9.3,158.79,97.0,155.2,26.94,118.6,118.0,121.97,-1.4644740924604438,0.4872800911276842,0,0.0,0,-1.2722646310432517,0.06850246472887989,0,2.06540447504302,-1.0067114093959773,9.008847975690415,9.2,9.7,9.3,11.6,0.10000000000000142,9.2,9.7,Low,11,4,0,1,0
2013-12-01,9.3,159.05,97.0,154.5,16.84,118.2,117.9,120.38,-1.7967399357866065,-0.6061742282214677,0,0.0,0,-0.9615384615384581,1.7042899747648539,0,1.546391752577314,1.0282776349614497,6.60644704215374,9.3,9.4,9.6,10.2,0.0,9.3,9.8,Low,12,4,0,1,0
2014-01-01,9.3,160.23,97.0,155.0,12.22,116.2,117.0,115.58,0.2502659075267255,-0.5523833167825343,0,0.0,0,-0.5134788189987249,0.9997662185856225,0,-2.1061499578770015,-1.432181971356361,-0.3964150293002455,9.3,9.2,10.0,10.1,0.0,9.4,9.9,Low,1,1,0,0,0
2014-02-01,9.2,163.62,97.0,157.0,8.79,118.6,119.7,120.84,3.0417532590213625,1.5327334781259694,0,0.0,0,1.1597938144330078,-0.31705422054498034,1,0.0,1.4406779661017,-0.9264573255718611,9.3,9.3,9.7,11.0,-0.10000000000000142,9.7,10.0,Low,2,1,0,0,0
2014-03-01,9.3,164.62,97.0,158.4,37.94,122.1,125.4,125.38,3.5020433825840858,1.6423808347740154,0,0.0,0,2.5242718446601975,0.1805391949858866,0,3.2994923857867953,6.361323155216292,4.153513872736325,9.2,9.3,9.4,9.5,0.10000000000000142,9.8,9.7,Low,3,1,0,0,0
2014-04-01,9.4,162.19,97.0,159.2,64.12,121.5,125.5,121.53,1.2232415902140747,1.4765688544077893,0,0.0,0,2.709677419354839,0.21689621516104562,0,4.561101549053359,7.264957264957261,5.147949472227031,9.3,9.3,9.2,10.0,0.09999999999999964,9.9,9.3,Low,4,2,1,0,0
2014-05-01,9.7,161.86,97.0,160.5,134.22,121.2,125.2,119.18,-1.0756631218677315,1.933371119088112,0,0.0,0,2.2292993630573354,0.25706105082886244,0,2.1922428330522825,4.594820384294063,-1.3737173121482926,9.4,9.2,9.3,9.3,0.29999999999999893,10.0,9.1,Low,5,2,1,0,0
2014-06-01,9.8,162.82,97.0,161.8,123.18,119.2,118.7,115.22,-1.0934272870854134,2.370323797547935,0,0.0,0,2.146464646464641,-0.11473188160285815,0,-2.375102375102367,-5.342902711323772,-8.103365768065085,9.7,9.3,9.3,9.6,0.10000000000000142,9.7,9.2,Low,6,2,1,0,1
2014-07-01,9.9,162.25,97.0,162.0,156.56,116.3,112.2,110.63,0.03699364942351124,1.2606877613430711,0,0.0,0,1.7587939698492594,-0.12773002228589625,0,-4.2798353909465074,-10.597609561752986,-8.96897885295812,9.8,9.4,9.3,10.0,0.09999999999999964,9.3,9.2,Low,7,3,0,0,0
2014-08-01,10.0,161.99,97.0,161.4,276.9,112.8,110.4,101.65,0.080316322748053,-0.9962107321843217,0,0.0,0,0.5607476635514086,0.14783659184380457,0,-6.930693069306937,-11.82108626198083,-14.708843765732505,9.9,9.7,9.2,9.7,0.09999999999999964,9.1,9.4,Low,8,3,0,0,0
2014-09-01,9.7,162.93,97.0,160.1,211.89,109.2,107.4,98.55,0.06755926790320554,-1.026606730652413,0,0.0,0,-1.0506798516687343,0.06919494824255351,0,-8.389261744966447,-9.519797809604036,-14.467974310015618,10.0,9.8,9.3,9.4,-0.3000000000000007,9.2,9.4,Low,9,3,0,0,0
2014-10-01,9.3,164.64,97.0,159.5,110.45,109.3,108.2,100.09,1.473035439137127,1.5105740181268867,0,0.0,0,-1.5432098765432056,0.03273936738619368,0,-6.018916595012902,-3.5650623885918,-9.52725300551387,9.7,9.9,9.4,9.2,-0.3999999999999986,9.2,9.5,Low,10,4,0,1,0
2014-11-01,9.1,171.1,97.0,159.0,35.52,108.1,109.3,100.85,5.623803938514715,5.70863709378473,0,0.0,0,-1.486988847583648,0.408805031446541,0,-4.166666666666674,-0.9963768115942129,-0.7870142646335565,9.3,10.0,9.7,9.3,-0.20000000000000107,9.4,9.8,Low,11,4,0,1,0
2014-12-01,9.2,180.33,97.0,158.2,4.8,105.2,110.9,97.89,10.679432885288165,10.7542070998649,1,0.0,0,-1.1867582760774598,-0.22918100481761883,1,-3.663003663003661,3.2588454376163867,-0.6697108066970991,9.1,9.7,9.8,9.3,0.09999999999999964,9.4,10.0,Low,12,4,0,1,0
2015-01-01,9.2,181.78,97.0,156.4,3.42,101.0,105.9,95.0,10.41059280855201,12.03697996918336,1,0.0,0,-1.9435736677115956,-0.4403272939801286,1,-7.593778591033851,-2.1256931608133023,-5.0854231191927335,9.2,9.3,9.9,9.3,0.0,9.5,10.1,Low,1,1,0,0,0
2015-02-01,9.4,194.48,87.0,155.0,19.98,98.7,101.6,95.18,13.664523670368212,20.05679362923636,1,-10.309278350515461,0,-2.515723270440251,0.5523613963039015,0,-8.695652173913038,-7.0448307410796,-5.62221120475953,9.2,9.1,10.0,9.2,0.20000000000000107,9.8,10.1,Low,2,1,0,0,0
2015-03-01,9.4,197.07,87.0,154.8,39.3,95.7,99.5,92.62,9.282981201131246,20.953783833548133,0,-10.309278350515461,0,-2.14917825537293,0.22285688884937646,0,-9.030418250950568,-10.27953110910731,-5.383593829808964,9.4,9.2,9.7,9.3,0.0,10.0,10.2,Low,3,1,0,0,0
2015-04-01,9.5,197.0,87.0,154.1,19.14,94.6,98.2,91.87,8.372758279238646,19.65500485908651,0,-10.309278350515461,0,-1.4705882352941235,-0.636753063659039,1,-6.336633663366342,-7.271010387157695,-3.2947368421052614,9.4,9.2,9.3,9.4,0.09999999999999964,10.1,10.1,Low,4,2,1,0,0
2015-05-01,9.8,197.0,87.0,153.8,75.9,95.0,95.7,94.49,1.2957630604689463,15.137346580946808,0,0.0,0,-0.7741935483870921,-0.28914518135962847,1,-3.7487335359675855,-5.807086614173218,-0.7249422147510121,9.5,9.4,9.1,9.7,0.3000000000000007,10.1,10.3,Low,5,2,1,0,0
2015-06-01,10.0,196.92,87.0,152.4,98.78,94.6,96.7,95.89,-0.07611508601005346,9.199800365995658,0,0.0,0,-1.5503875968992276,-0.29008942413322236,1,-1.1494252873563315,-2.8140703517587906,3.5305549557330895,9.8,9.4,9.2,9.8,0.1999999999999993,10.2,10.6,Low,6,2,1,0,1
2015-07-01,10.1,196.97,87.0,150.2,180.16,93.8,98.9,90.43,-0.015228426395941241,8.356254813510834,0,0.0,0,-2.5308241401687304,0.0037567653613498194,0,-0.8456659619450302,0.7128309572301372,-1.567432241210398,10.0,9.5,9.2,9.9,0.09999999999999964,10.1,10.6,Low,7,3,0,0,0
2015-08-01,10.1,197.0,87.0,148.5,258.38,89.5,91.9,82.29,0.0,1.2957630604689463,0,0.0,0,-3.4460338101430454,0.07106543373276361,0,-5.789473684210522,-3.9707419017763868,-12.9114191977987,10.1,9.8,9.4,10.0,0.0,10.3,11.4,Low,8,3,0,0,0
2015-09-01,10.2,197.0,87.0,146.2,192.41,88.9,90.5,81.96,0.04062563477555958,-0.03552037347135384,0,0.0,0,-4.0682414698162805,-0.029100948646232812,0,-6.0253699788583415,-6.4115822130299875,-14.527062258838264,10.1,10.0,9.4,9.7,0.09999999999999964,10.6,12.7,Low,9,3,0,0,0
2015-10-01,10.1,196.99,87.0,145.8,117.99,90.3,91.7,87.76,0.010153830532577679,-0.005076142131976713,0,0.0,0,-2.92942743009319,0.10324054285103652,0,-3.731343283582089,-7.280080889787666,-2.9525599911533806,10.2,10.1,9.5,9.3,-0.09999999999999964,10.6,13.2,Low,10,4,0,1,0
2015-11-01,10.3,196.99,87.0,144.1,24.89,87.7,90.5,85.13,-0.005076142131976713,-0.005076142131976713,0,0.0,0,-2.9629629629629672,-0.012805258088276926,0,-2.01117318435754,-1.5233949945593128,3.451209138412925,10.1,10.1,9.8,9.1,0.20000000000000107,11.4,14.9,Low,11,4,0,1,0
2015-12-01,10.6,196.99,87.0,142.5,0.57,87.0,89.4,86.68,-0.005076142131976713,0.03554743042861741,0,0.0,0,-2.530779753761958,-0.9084652443220922,1,-2.1372328458942658,-1.2154696132596676,5.75890678379698,10.3,10.2,10.0,9.2,0.29999999999999893,12.7,15.3,Low,12,4,0,1,0
2016-01-01,10.6,197.0,86.5,143.0,1.07,84.9,87.6,85.29,0.00507639981723873,0.015230745798855416,0,-0.5747126436781658,0,-1.9204389574760006,-0.8248977206312098,1,-5.980066445182719,-4.471101417666312,-2.8144940747493186,10.6,10.1,10.1,9.2,0.0,13.2,15.8,Low,1,1,0,0,0
2016-02-01,11.4,197.0,86.5,145.2,3.52,86.1,87.3,92.15,0.00507639981723873,0.0,0,-0.5747126436781658,0,0.7633587786259444,-0.7265109051556691,1,-1.8244013683010318,-3.5359116022099513,8.24621167625985,10.6,10.3,10.1,9.4,0.8000000000000007,14.9,16.4,Low,2,1,0,0,0
2016-03-01,12.7,197.0,86.8,148.5,68.51,87.4,86.5,97.34,0.00507639981723873,0.0,0,-0.22988505747126853,0,4.210526315789465,1.1317538283733026,0,0.45977011494253706,-3.2438478747203625,12.298107983387174,11.4,10.6,10.2,9.4,1.299999999999999,15.3,16.6,Low,3,1,0,0,0
2016-04-01,13.2,197.0,86.9,154.2,62.73,89.1,88.4,101.17,0.0,0.00507639981723873,0,0.46242774566473965,0,7.8321678321678245,0.19051621299208332,0,4.946996466431086,0.9132420091324311,18.61882987454566,12.7,10.6,10.1,9.5,0.5,15.8,17.1,Low,4,2,1,0,0
2016-05-01,14.9,197.0,145.0,168.0,116.15,90.6,91.1,99.56,0.0,0.00507639981723873,0,67.6300578034682,1,15.70247933884299,0.08782328307087155,0,5.226480836236935,4.3528064146620915,8.041237113402055,13.2,11.4,10.3,9.8,1.700000000000001,16.4,17.2,Low,5,2,1,0,0
2016-06-01,15.3,231.76,146.5,174.5,169.63,93.8,94.1,97.93,17.644670050761423,17.65064216457688,1,68.77880184331798,1,17.508417508417516,0.21909425981252767,0,7.322654462242562,8.786127167630053,0.6061228682966879,14.9,12.7,10.6,10.0,0.40000000000000036,16.6,17.4,Elevated,6,2,1,0,1
2016-07-01,15.8,294.57,144.8,181.2,217.39,93.0,90.4,94.9,49.52791878172589,49.52791878172589,1,66.6283084004603,1,17.50972762645915,0.21118274434893333,0,4.3771043771043905,2.262443438914019,-6.197489374320442,15.3,13.2,10.6,10.1,0.5,17.1,17.8,Elevated,7,3,0,0,0
2016-08-01,16.4,309.73,144.3,185.4,238.25,95.3,89.3,102.39,57.22335025380711,57.22335025380711,1,-0.4827586206896495,0,10.357142857142865,-0.012379674948405701,0,5.187637969094916,-1.9758507135016479,2.8425070309361145,15.8,14.9,11.4,10.1,0.5999999999999979,17.2,18.5,Elevated,8,3,0,0,0
2016-09-01,16.6,305.23,144.2,189.6,193.16,96.1,86.3,104.32,31.7008974801519,54.93908629441626,1,-1.5699658703071773,0,8.65329512893982,-0.025316455696202535,0,2.452025586353934,-8.289054197662061,6.525068926784416,16.4,15.3,12.7,10.2,0.20000000000000284,17.4,18.4,Elevated,9,3,0,0,0
2016-10-01,17.1,305.21,144.1,191.5,84.7,95.9,86.7,101.85,3.612044675289394,54.92893401015226,0,-0.4834254143646577,0,5.684326710816778,-0.20803056208591575,1,3.1182795698924792,-4.092920353982299,7.323498419388819,16.6,15.8,13.2,10.1,0.5,17.8,19.3,Elevated,10,4,0,1,0
2016-11-01,17.2,305.18,144.3,194.2,18.06,96.0,86.0,106.16,-1.4690214057404893,54.91370558375635,0,0.0,0,4.746494066882412,-0.2836987931327554,1,0.734522560335793,-3.6954087346024567,3.6820001953315806,17.1,16.4,14.9,10.3,0.09999999999999787,18.5,19.3,Elevated,11,4,0,1,0
2016-12-01,17.4,305.22,144.7,198.4,5.84,95.3,86.1,110.26,-0.0032762179340117825,31.696582671729388,0,0.34674063800277377,0,4.641350210970474,-0.06217022252810289,0,-0.8324661810613865,-0.2317497103128674,5.694018404907997,17.2,16.6,15.3,10.6,0.1999999999999993,18.4,19.9,Elevated,12,4,0,1,0
2017-01-01,17.8,305.2,145.8,206.0,8.87,97.8,88.7,112.19,-0.0032764326201584204,3.6086498964592373,0,1.1797362942401302,0,7.571801566579639,0.45154880187025115,0,1.9812304483837195,2.3068050749711633,10.152184585174284,17.4,17.1,15.8,10.6,0.40000000000000213,19.3,20.3,Elevated,1,1,0,0,0
2017-02-01,18.5,305.31,145.3,204.5,4.15,98.1,90.0,107.97,0.042597811127853547,-1.4270493655764716,0,0.6930006930006893,0,5.303810504634399,-0.6775625728397802,1,2.1874999999999867,4.651162790697683,1.7049736247174208,17.8,17.2,16.4,11.4,0.6999999999999993,19.3,20.3,Elevated,2,1,0,0,0
2017-03-01,18.4,306.4,144.9,202.1,18.99,96.2,87.9,101.59,0.3866063822816068,0.3833174982799781,0,0.13821700069109877,0,1.864919354838701,-0.40910808347965244,1,0.9443861490031624,2.0905923344947785,-7.86323235987666,18.5,17.4,16.6,12.7,-0.10000000000000142,19.9,20.3,Elevated,3,1,0,0,0
2017-04-01,19.3,306.05,144.3,199.8,55.94,95.0,86.9,97.58,0.27850589777196344,0.275220340093707,0,-1.0288065843621408,0,-3.0097087378640697,0.06165274915952722,0,-2.862985685071573,-2.0293122886133053,-13.022551029503514,18.4,17.8,17.1,13.2,0.9000000000000021,20.3,20.3,Elevated,4,2,1,0,0
2017-05-01,19.3,305.54,144.0,198.2,113.05,97.3,88.3,101.96,0.0753332678261609,0.11796316927714656,0,-0.8947006194081286,0,-3.0806845965770213,0.05878968705262178,0,-0.8154943934760461,-1.8888888888888955,-5.566361026210986,19.3,18.5,17.2,14.9,0.0,20.3,20.3,Elevated,5,2,1,0,1
2017-06-01,19.9,305.72,144.1,195.4,172.26,97.8,92.4,97.47,-0.22193211488249487,0.1638162636786511,0,-0.5521048999309941,0,-3.315190499752596,0.2379955031262513,0,1.6632016632016633,5.119453924914685,-4.055517275322373,19.3,18.4,17.4,15.3,0.5999999999999979,20.3,19.4,Elevated,6,2,1,0,0
2017-07-01,20.3,305.86,144.2,196.5,163.55,100.0,96.9,96.66,-0.062081359255028445,0.21625163826999305,0,-0.06930006930008226,0,-1.6516516516516533,-0.0887854186564788,0,5.263157894736836,11.50747986191023,-0.9428161508505895,19.9,19.3,17.8,15.8,0.40000000000000213,20.3,18.9,Elevated,7,3,0,0,0
2017-08-01,20.3,305.67,144.4,197.1,243.46,99.2,92.3,99.16,0.04254762060613704,0.11791294094527505,0,0.2777777777777768,0,-0.5549949545913146,0.009217394908966026,0,1.9527235354573458,4.530011325028305,-2.746174970576698,20.3,19.3,18.5,16.4,0.0,20.3,17.6,Elevated,8,3,0,0,0
2017-09-01,20.3,305.89,144.2,198.4,166.74,99.7,92.1,103.83,0.055606437262833985,-0.16644908616187948,0,0.0693962526023606,0,1.535312180143289,-0.158631527349269,0,1.942740286298572,-0.32467532467533866,6.525084641428136,20.3,19.9,18.4,16.6,0.0,19.4,16.1,Elevated,9,3,0,0,0
2017-10-01,20.3,305.62,144.1,199.5,72.72,98.8,91.8,102.68,-0.0784672726083846,-0.14049991831400765,0,-0.06934812760055475,0,1.526717557251911,-0.3200470185937166,1,-1.200000000000001,-5.263157894736848,6.228015725222447,20.3,20.3,19.3,17.1,0.0,18.9,14.8,Elevated,10,4,0,1,0
2017-11-01,20.3,305.9,144.6,201.2,25.65,98.8,92.1,103.85,0.07524454477048081,0.11782418014005813,0,0.13850415512464131,0,2.080162354134951,0.017338092809790876,0,-0.40322580645162365,-0.21668472372697867,4.729729729729737,20.3,20.3,19.3,17.2,0.0,17.6,13.5,Elevated,11,4,0,1,0
2017-12-01,19.4,306.31,145.4,205.8,6.83,96.4,92.4,97.96,0.13730425970119864,0.1929870469710826,0,0.8321775312066793,0,3.7298387096774244,0.09681119522826327,0,-3.3099297893681046,0.32573289902282365,-5.6534720215737355,20.3,20.3,19.9,17.4,-0.9000000000000021,16.1,13.0,Elevated,12,4,0,1,0
2018-01-01,18.9,305.78,152.6,211.0,1.81,96.7,95.2,98.25,0.052352594725468826,-0.0261557575361393,0,5.898681471200562,0,5.7644110275689275,-0.7037989479836352,1,-2.1255060728744835,3.70370370370372,-4.31437475652513,19.4,20.3,20.3,17.8,-0.5,14.8,12.9,Elevated,1,1,0,0,0
2018-02-01,17.6,305.9,151.4,207.1,27.37,97.8,98.4,95.6,0.0,0.07524454477048081,0,4.7026279391424675,0,2.9324055666003934,1.126533103945835,0,-1.0121457489878583,6.84039087947883,-7.944150216658641,18.9,20.3,20.3,18.5,-1.2999999999999972,13.5,13.2,Elevated,2,1,0,0,0
2018-03-01,16.1,305.74,150.2,208.4,28.02,98.8,101.8,95.36,-0.18608599131598735,-0.04903723560756301,0,3.301237964236581,0,1.263362487852282,-0.12813104260662772,0,2.4896265560165887,10.173160173160166,-2.654144548795423,17.6,19.4,20.3,18.4,-1.5,13.0,13.3,Elevated,3,1,0,0,0
2018-04-01,14.8,305.61,149.5,209.5,48.52,98.4,104.0,94.02,-0.05559552619529562,-0.0032720371703431894,0,-2.0314547837483543,0,-0.7109004739336511,-0.07916711853378144,0,1.7580144777662898,9.243697478991585,-4.305343511450388,16.1,18.9,20.3,19.3,-1.3000000000000007,12.9,13.3,Low,4,2,1,0,0
2018-05-01,13.5,305.83,148.1,210.8,98.33,98.5,105.5,92.15,-0.022883295194509046,-0.022883295194509046,0,-2.179656538969621,0,1.786576533075812,-0.07907306565338965,0,0.7157464212679043,7.215447154471533,-3.608786610878645,14.8,17.6,20.3,19.3,-1.3000000000000007,13.2,13.3,Low,5,2,1,0,1
2018-06-01,13.0,305.87,147.2,212.1,153.02,96.8,100.8,89.33,0.0425197880552064,-0.14364532662988205,0,-1.9973368841544659,0,1.775431861804222,0.09972176877034135,0,-2.0242914979757054,-0.9823182711198419,-6.323406040268454,13.5,16.1,19.4,19.9,-0.5,13.3,13.6,Low,6,2,1,0,0
2018-07-01,12.9,305.81,146.8,213.4,166.71,95.0,98.7,86.9,0.06544288472234427,0.00981097521095542,0,-1.8060200668896242,0,1.8615751789976098,-0.07117956064947469,0,-3.455284552845539,-5.09615384615384,-7.572856838970421,13.0,14.8,18.9,20.3,-0.09999999999999964,13.3,13.5,Low,7,3,0,0,0
2018-08-01,13.2,306.06,146.9,214.5,249.15,95.8,103.5,84.43,0.07520517934800353,0.05230467473031908,0,-0.8102633355840605,0,1.755218216318788,0.03280421400463683,0,-2.741116751269035,-1.8957345971563955,-8.377645143787305,12.9,13.5,17.6,20.3,0.29999999999999893,13.3,13.5,Low,8,3,0,0,0
2018-09-01,13.3,306.27,146.8,215.8,192.32,94.0,100.3,82.33,0.13077451204759338,0.17334990514814574,0,-0.27173913043476716,0,1.7444601603017418,-0.02955508780023646,0,-2.892561983471076,-0.49603174603174427,-7.836113287809243,13.2,13.0,16.1,20.3,0.10000000000000142,13.6,13.5,Low,9,3,0,0,0
2018-10-01,13.3,306.51,146.5,217.2,91.82,93.2,100.9,81.33,0.2289002975703891,0.29449298125061585,0,-0.2043596730245345,0,1.7806935332708385,-0.14145650780081218,0,-1.8947368421052602,2.228976697061813,-6.4096662830840145,13.3,12.9,14.8,20.3,0.0,13.5,13.7,Low,10,4,0,1,0
2018-11-01,13.3,306.71,145.8,218.4,20.26,91.9,99.6,76.59,0.212376658171598,0.28774155576627436,0,-0.748808713410476,0,1.81818181818183,-0.19644172474361146,0,-4.07098121085594,-3.7681159420289934,-9.285798886651664,13.3,13.2,13.5,20.3,0.0,13.5,13.8,Low,11,4,0,1,0
2018-12-01,13.6,306.92,144.5,219.5,4.11,92.0,101.1,76.84,0.2122310379730319,0.3432830941249687,0,-1.5667574931880202,0,1.7145505097312164,-0.33998623537508604,1,-2.127659574468088,0.7976071784645988,-6.668286165431791,13.3,13.3,13.0,19.4,0.29999999999999893,13.5,13.6,Low,12,4,0,1,0
2019-01-01,13.5,306.85,144.0,222.0,11.26,93.1,101.8,80.26,0.11092623405435376,0.34008044210458444,0,-1.7064846416382284,0,2.20994475138121,0.842665108123904,0,-0.10729613733906351,0.8919722497522153,-1.3156276896594044,13.6,13.3,12.9,18.9,-0.09999999999999964,13.7,13.4,Low,1,1,0,0,0
2019-02-01,13.5,306.77,144.2,221.9,24.44,93.8,100.7,81.78,0.01956245313161631,0.23198065738743168,0,-1.0973936899863035,0,1.6025641025640969,0.8988845107941619,0,2.0674646354733373,1.1044176706827447,6.776341558950261,13.5,13.3,13.2,17.6,0.0,13.8,13.2,Low,2,1,0,0,0
2019-03-01,13.5,306.92,144.5,221.4,29.59,93.0,97.5,78.41,0.0,0.2122310379730319,0,0.0,0,0.8656036446469173,-0.07927899895539307,0,1.0869565217391353,-3.5608308605341144,2.04320666319624,13.5,13.6,13.3,16.1,0.0,13.6,13.5,Low,3,1,0,0,0
2019-04-01,13.7,306.96,144.8,221.8,49.6,93.5,94.6,79.11,0.035848134267535414,0.14681413330723814,0,0.5555555555555536,0,-0.09009009009008917,-0.058670426201062685,0,0.42964554242750363,-7.072691552062871,-1.4328432594069351,13.5,13.5,13.3,14.8,0.1999999999999993,13.4,14.1,Low,4,2,1,0,0
2019-05-01,13.8,306.95,145.0,222.1,138.5,94.2,94.4,78.5,0.058675880953162896,0.07824981252648744,0,0.554785020804438,0,0.09013068949976777,0.29714614468631684,0,0.4264392324093924,-6.256206554121146,-4.010760577158234,13.7,13.5,13.3,13.5,0.10000000000000142,13.2,14.5,Low,5,2,1,0,1
2019-06-01,13.6,306.95,145.1,223.5,145.25,95.4,99.2,77.46,0.009774534080531083,0.009774534080531083,0,0.41522491349481605,0,0.9485094850948395,0.04388045297276219,0,2.580645161290329,1.7435897435897463,-1.2115801555924066,13.8,13.5,13.6,13.0,-0.20000000000000107,13.5,14.7,Low,6,2,1,0,0
2019-07-01,13.4,306.94,145.2,224.9,201.6,95.1,97.6,78.09,-0.006515506906434876,0.02933029167344614,0,0.2762430939226457,0,1.3976555455365247,0.12320916905444117,0,1.7112299465240621,3.1712473572938604,-1.289343951459987,13.6,13.7,13.5,12.9,-0.1999999999999993,14.1,14.9,Low,7,3,0,0,0
2019-08-01,13.2,306.93,145.5,226.8,245.97,93.8,92.6,82.59,-0.00651571917249516,0.05215633862503122,0,0.34482758620688614,0,2.1161638901395774,0.019622125300905135,0,-0.4246284501061681,-1.9067796610169663,5.210191082802562,13.4,13.8,13.5,13.2,-0.20000000000000107,14.5,14.9,Low,8,3,0,0,0
2019-09-01,13.5,306.92,145.3,227.4,189.05,93.2,91.8,83.89,-0.00977357875874274,0.0,0,0.1378359751895264,0,1.7449664429530332,-0.04605547706236837,0,-2.3060796645702375,-7.459677419354849,8.30105861089596,13.2,13.6,13.5,13.3,0.3000000000000007,14.7,15.0,Low,9,3,0,0,0
2019-10-01,14.1,306.96,145.4,227.6,190.72,95.0,96.0,84.11,0.006515931452399926,0.0,0,0.13774104683197397,0,1.2005335704757591,0.7832870271425518,0,-0.1051524710830698,-1.6393442622950727,7.70905365603789,13.5,13.4,13.7,13.3,0.5999999999999996,14.9,15.0,Low,10,4,0,1,0
2019-11-01,14.5,306.95,145.5,227.9,34.3,98.2,95.6,93.16,0.0065161437461158656,0.0,0,0.0,0,0.4850088183421475,0.3604170207943792,0,4.6908315565032055,3.239740820734349,12.798159583484669,14.1,13.2,13.8,13.3,0.40000000000000036,14.9,15.0,Low,11,4,0,1,0
2019-12-01,14.7,306.95,145.6,228.5,3.94,100.8,97.4,101.5,0.009774534080531083,0.0,0,0.2064693737095613,0,0.4837291116974507,-0.36728607478779546,1,8.154506437768227,6.100217864923763,20.99177494337823,14.5,13.5,13.6,13.6,0.1999999999999993,15.0,15.2,Low,12,4,0,1,0
2020-01-01,14.9,306.96,145.2,229.0,1.04,102.5,100.7,108.73,0.0,0.006515931452399926,0,-0.13755158184319827,0,0.615114235500891,-0.8298071303331385,1,7.8947368421052655,4.895833333333344,29.271192486030206,14.7,14.1,13.4,13.5,0.20000000000000107,15.0,15.5,Low,1,1,0,0,0
2020-02-01,14.9,306.96,145.4,228.83,2.12,99.6,99.6,97.55,0.0032578595862586823,0.0097742156191849,0,-0.06872852233676952,0,0.40807371654234537,-0.8352849769687551,1,1.4256619144602745,4.184100418410042,4.712322885358522,14.9,14.5,13.2,13.5,0.0,15.0,16.0,Low,2,1,0,0,0
2020-03-01,15.0,326.63,143.2,226.74,34.57,95.2,98.0,85.42,6.411467665743609,6.4218688909161825,0,-1.6483516483516536,0,-0.7702407002188161,0.07567843886826839,0,-5.5555555555555465,0.6160164271047153,-15.842364532019705,14.9,14.7,13.5,13.5,0.09999999999999964,15.2,16.7,Elevated,3,1,0,0,0
2020-04-01,15.0,361.0,125.88,221.71,41.29,92.4,99.6,81.18,17.604899661193652,17.604899661193652,1,-13.30578512396694,0,-3.183406113537113,-0.2163810866500379,1,-9.853658536585364,-1.0923535253227534,-25.33799319415064,15.0,14.9,14.1,13.7,0.0,15.5,17.4,Elevated,4,2,1,0,1
2020-05-01,15.0,361.0,125.04,219.14,77.46,91.2,98.0,77.77,17.604899661193652,17.608731063691163,1,-14.002751031636862,0,-4.234584626141691,-0.27453472658915457,1,-8.43373493975903,-1.6064257028112428,-20.276781137878007,15.0,14.9,14.5,13.8,0.0,16.0,18.3,Elevated,5,2,1,0,0
2020-06-01,15.2,361.0,128.88,224.37,114.36,93.1,97.3,86.61,10.52260968067844,17.608731063691163,1,-9.999999999999998,0,-1.0452500661550679,-0.1781193211568669,0,-2.205882352941191,-0.7142857142857117,1.3931163661905943,15.0,15.0,14.7,13.6,0.1999999999999993,16.7,19.6,Elevated,6,2,1,0,0
2020-07-01,15.5,377.19,143.63,224.34,189.67,93.8,97.3,93.2,4.484764542936293,22.879202501954655,0,14.10073085478234,0,1.1862342699923367,0.056741483603947665,0,1.5151515151515138,-2.30923694779116,14.806602611480656,15.2,15.0,14.9,13.4,0.3000000000000007,17.4,20.6,Elevated,7,3,0,0,0
2020-08-01,16.0,381.0,149.86,214.41,217.85,95.7,99.2,98.7,5.540166204986141,24.12040656763097,0,19.84964811260397,1,-2.1584375285205737,-0.09694401757611831,0,4.9342105263157965,1.2244897959183598,26.91269126912692,15.5,15.0,14.9,13.2,0.5,18.3,21.8,Elevated,8,3,0,0,0
2020-09-01,16.7,381.0,161.03,219.68,222.07,97.9,104.3,104.6,5.540166204986141,16.64574595107615,0,24.945685909373072,1,-2.0902972768195416,0.12056313255096449,0,5.155746509129977,7.194244604316546,20.771273524997103,16.0,15.2,15.0,13.5,0.6999999999999993,19.6,23.0,Elevated,9,3,0,0,0
2020-10-01,17.4,381.0,161.06,219.8,82.78,101.3,112.1,106.45,1.0101010101010166,5.540166204986141,0,12.135347768572036,0,-2.0237140055273217,-0.2259831160504381,1,7.995735607675902,15.210688591983557,14.216738197424883,16.7,15.5,15.0,14.1,0.6999999999999993,20.6,22.7,Elevated,10,4,0,1,0
2020-11-01,18.3,381.0,167.27,223.46,11.55,105.5,114.8,121.9,0.0,5.540166204986141,0,11.617509675697324,0,4.220885219905801,-0.5419003909569947,1,10.240334378265414,15.7258064516129,23.50557244174265,17.4,16.0,15.0,14.5,0.9000000000000021,21.8,22.3,Elevated,11,4,0,1,0
2020-12-01,19.6,381.0,165.7,224.37,6.3,108.5,116.4,131.2,0.0,5.540166204986141,0,2.900080730298704,0,2.1349235251274523,0.011699931176875301,0,10.827374872318686,11.601150527325021,25.430210325047796,18.3,16.7,15.2,14.7,1.3000000000000007,23.0,21.8,Elevated,12,4,0,1,0
2021-01-01,20.6,381.0,164.09,224.86,5.63,113.5,125.0,138.87,0.0,1.0101010101010166,0,1.8812864770892945,0,2.3020928116469497,-0.07866744593804795,0,12.04343534057255,11.507582515611059,30.45561296383279,19.6,17.4,15.5,14.9,1.0,22.7,21.0,Elevated,1,1,0,0,0
2021-02-01,21.8,381.0,166.24,227.76,14.03,116.5,126.1,147.46,0.0,0.0,0,-0.6157709093082997,0,1.9242817506488707,0.09007159109828511,0,10.426540284360186,9.843205574912893,20.96800656275637,20.6,18.3,16.0,14.9,1.1999999999999993,22.3,20.3,Elevated,2,1,0,0,0
2021-03-01,23.0,381.0,172.68,235.41,27.72,119.1,123.9,159.3,0.0,0.0,0,4.212432106216069,0,4.920443909613592,-0.1374658280176917,0,9.769585253456214,6.443298969072164,21.417682926829286,21.8,19.6,16.7,15.0,1.1999999999999993,21.8,19.6,Elevated,3,1,0,0,0
2021-04-01,22.7,381.0,166.38,237.19,51.14,122.1,126.2,162.19,0.0,0.0,0,1.395575598756782,0,5.483411900738222,-0.029443661208111822,0,7.577092511013217,0.9600000000000053,16.792683804997477,23.0,20.6,17.4,15.0,-0.3000000000000007,21.0,18.3,Elevated,4,2,1,0,1
2021-05-01,22.3,397.75,168.06,238.82,89.21,128.4,133.7,174.9,4.396325459317585,4.396325459317585,0,1.0948026948989442,0,4.85598876009834,-0.16448803200385329,0,10.214592274678115,6.026962727993657,18.608436186084365,22.7,21.8,18.3,15.0,-0.3999999999999986,20.3,17.2,Elevated,5,2,1,0,0
2021-06-01,21.8,404.19,165.61,242.43,161.49,125.4,130.3,157.7,6.086614173228355,6.086614173228355,0,-4.094278434097753,0,2.9820313495603434,0.16059383373887348,0,5.289672544080615,5.1654560129136495,-1.0043942247332183,22.3,23.0,19.6,15.2,-0.5,19.6,17.4,Elevated,6,2,1,0,0
2021-07-01,21.0,404.9,165.91,250.82,156.67,124.4,126.3,155.5,6.272965879265091,6.272965879265091,0,-0.28248587570621764,0,5.746447995278037,-0.1271171601400829,0,1.8837018837018826,0.07923930269413404,-4.124791910721992,21.8,22.7,20.6,15.5,-0.8000000000000007,18.3,17.1,Elevated,7,3,0,0,0
2021-08-01,20.3,410.39,164.91,234.46,234.21,128.0,130.4,165.9,3.1778755499685785,7.713910761154863,0,-1.8743305962156454,0,-1.825642743488809,-0.02912673103742326,0,-0.31152647975077885,-2.4682124158563856,-5.145797598627788,21.0,22.3,21.8,16.0,-0.6999999999999993,17.2,17.1,Elevated,8,3,0,0,0
2021-09-01,19.6,410.8,164.85,244.66,251.89,129.1,132.8,168.6,1.6353695044409866,7.821522309711293,0,-0.4589094861421561,0,0.9198531534875931,0.2710345722441682,0,2.9505582137161035,1.9186492709132752,6.911857958148393,20.3,21.8,23.0,16.7,-0.6999999999999993,17.4,17.2,Elevated,9,3,0,0,0
2021-10-01,18.3,411.25,165.6,254.0,114.18,133.3,137.1,184.8,1.5682884662879815,7.939632545931752,0,-0.18684829124223645,0,1.267841479945786,0.06761594357768762,0,7.1543408360128735,8.551068883610458,18.842443729903536,19.6,21.0,22.7,17.4,-1.3000000000000007,17.1,18.4,Elevated,10,4,0,1,0
2021-11-01,17.2,411.74,167.5,277.83,26.43,135.4,141.4,184.6,0.32895538390311785,3.5172847265870555,0,1.5705536353162408,0,18.49782478887656,0.04827468978412375,0,5.781250000000004,8.435582822085896,11.27185051235684,18.3,20.3,22.3,18.3,-1.1000000000000014,17.1,19.5,Elevated,11,4,0,1,0
2021-12-01,17.4,414.34,165.77,289.43,5.15,133.7,140.5,178.5,0.8617332035053549,2.511195229966101,0,0.5580831058538127,0,18.29886372925693,-0.1729754530855701,0,3.5631293570875355,5.798192771084332,5.87188612099645,17.2,19.6,21.8,19.6,0.1999999999999993,17.2,20.6,Elevated,12,4,0,1,0
2022-01-01,17.1,415.96,166.4,288.13,4.94,135.7,140.6,185.9,1.1452887537993783,2.7315386515188944,0,0.48309178743961567,0,13.437007874015737,-0.1915838690824079,0,1.800450112528118,2.5528811086797942,0.5952380952380931,17.4,18.3,21.0,20.6,-0.29999999999999716,18.4,22.0,Elevated,1,1,0,0,0
2022-02-01,17.1,416.95,170.42,311.98,15.79,141.7,145.3,201.7,1.2653616359838749,1.5984794951144021,0,1.7432835820895498,0,12.29168916243748,0.22681613852045057,0,4.652880354505151,2.75813295615277,9.263271939328277,17.1,17.2,20.3,21.8,0.0,19.5,23.1,Elevated,2,1,0,0,0
2022-03-01,17.2,415.72,185.3,539.31,27.37,160.2,170.1,251.8,0.33305980595648155,1.1976630963972834,0,11.781383845086557,0,86.33521058632483,-0.14835641099726624,0,19.82049364248317,21.067615658362993,41.064425770308134,17.1,17.4,19.6,23.0,0.09999999999999787,20.6,23.3,Elevated,3,1,0,0,0
2022-04-01,18.4,415.53,172.61,654.46,46.25,158.8,169.7,237.5,-0.10337532455043652,1.0407294832826652,0,3.7319711538461586,0,127.14052684552115,-0.12224812927014415,0,17.022844509948442,20.69701280227596,27.75685852608929,17.2,17.1,18.3,22.7,1.1999999999999993,22.0,23.7,Elevated,4,2,1,0,1
2022-05-01,19.5,415.95,173.05,662.13,123.54,158.7,173.5,229.2,-0.23983691090059267,1.0224899208238103,0,1.543246097875861,0,112.23475863837425,0.15703562970792484,0,11.997177134791826,19.40812112869923,13.634110064452166,18.4,17.1,17.2,22.3,1.1000000000000014,23.1,24.1,Elevated,5,2,1,0,0
2022-06-01,20.6,415.61,175.89,733.43,111.57,155.7,166.3,211.8,-0.026460117386706283,0.30651156055414575,0,-5.078251484079887,0,35.99414066121527,-0.1981704499953799,0,-2.8089887640449396,-2.2339800117577746,-15.885623510722791,19.5,17.2,17.4,21.8,1.1000000000000014,23.3,23.8,Elevated,6,2,1,0,0
2022-07-01,22.0,417.26,190.01,768.4,153.85,141.6,147.3,168.8,0.416335763964093,0.31253005096643083,0,10.080528358727747,0,17.409772942578595,-0.1428287169691182,0,-10.831234256926958,-13.199764289923376,-28.926315789473676,20.6,18.4,17.1,21.0,1.3999999999999986,23.7,24.3,Elevated,7,3,0,0,0
2022-08-01,23.1,426.06,189.46,786.88,233.16,138.7,145.6,163.3,2.430580598629639,2.18491425830436,0,9.482808436867952,0,18.840711038617798,-0.03347930749620263,0,-12.602394454946442,-16.080691642651303,-28.752181500872588,22.0,19.5,17.1,20.3,1.1000000000000014,24.1,24.4,Elevated,8,3,0,0,0
2022-09-01,23.3,435.57,191.65,789.9,207.25,137.3,147.9,152.6,4.802579341209312,4.774848455691316,0,8.960145545511411,0,7.699439619322912,0.045781551858366264,0,-11.817597944765556,-11.064341551413115,-27.950897072710113,23.1,20.6,17.2,19.6,0.1999999999999993,23.8,24.5,Elevated,9,3,0,0,0
2022-10-01,23.7,440.85,195.29,801.0,111.5,136.7,152.3,151.3,5.653549345731679,6.093422857555431,0,2.7788011157307446,0,4.2425819885476335,0.0425571703355418,0,-3.4604519774011355,3.3944331296673402,-10.367298578199048,23.3,22.0,18.4,18.3,0.3999999999999986,24.3,24.6,Elevated,10,4,0,1,0
2022-11-01,24.1,445.58,202.48,808.49,24.15,136.0,150.1,154.7,4.581514340703174,7.123452338021385,0,6.872162989549246,0,2.7462891419276048,-0.04215536291007994,0,-1.9466474405191003,3.0906593406593297,-5.266380894060029,23.7,23.1,19.5,17.2,0.40000000000000213,24.4,24.8,Elevated,11,4,0,1,0
2022-12-01,23.8,450.71,214.87,817.86,7.66,133.1,147.3,144.6,3.4759051357990733,8.445417578980297,0,12.115836159666049,0,3.5396885681731938,0.23009864647855002,0,-3.0589949016751716,-0.40567951318457585,-5.242463958060284,24.1,23.3,20.6,17.4,-0.3000000000000007,24.5,25.3,Elevated,12,4,0,1,0
2023-01-01,24.3,460.99,257.12,828.1,6.71,131.4,147.5,140.4,4.568447317681756,10.480276086852335,0,31.660607301961186,1,3.3832709113607917,0.09807130333138514,0,-3.8771031455742344,-3.15167432698622,-7.204230006609391,23.8,23.7,22.0,17.1,0.5,24.6,27.0,Elevated,1,1,0,0,0
2023-02-01,24.4,460.84,263.76,836.91,14.88,130.7,146.7,135.9,3.4247497643520752,8.163169506642243,0,30.26471750296327,1,3.515194993135351,0.1561129918419447,0,-3.89705882352942,-2.2651565622918146,-12.152553329023908,24.3,24.1,23.1,17.1,0.09999999999999787,24.8,29.3,Elevated,2,1,0,0,0
2023-03-01,24.5,460.97,264.29,836.81,26.13,128.0,138.6,131.8,2.2764083335182317,5.831439263493832,0,22.99995346023178,1,2.317022473283936,-0.18694019069633058,0,-3.831705484598047,-5.906313645621197,-8.852005532503448,24.4,23.8,23.3,17.2,0.10000000000000142,25.3,30.6,Elevated,3,1,0,0,1
2023-04-01,24.6,460.96,254.06,842.25,56.65,128.4,136.1,130.0,-0.006507733356475587,4.561642281955303,0,-1.1901057871810838,0,1.708730829609939,0.07512742652640718,0,-2.2831050228310557,-7.728813559322035,-7.4074074074074066,24.5,24.3,23.7,18.4,0.10000000000000142,27.0,31.5,Elevated,4,2,1,0,0
2023-05-01,24.8,462.01,238.11,844.28,110.93,124.5,129.3,118.7,0.25388421143999196,3.687328874725071,0,-9.724749772520468,0,0.8806203773404464,0.03893445364659305,0,-4.743687834736033,-11.860940695296506,-12.65636497424577,24.6,24.4,24.1,19.5,0.1999999999999993,29.3,32.8,Elevated,5,2,1,0,0
2023-06-01,25.3,610.71,545.83,815.83,138.24,123.0,126.6,115.8,32.48367572727076,35.49954516207763,1,106.52692118506187,1,-2.507140211039527,-0.006498906582067784,0,-3.90625,-8.658008658008654,-12.139605462822466,24.8,24.5,23.8,20.6,0.5,30.6,33.9,High,6,2,1,0,0
2023-07-01,27.0,770.32,600.6,794.48,192.79,124.4,125.9,129.8,67.1121138493579,67.10123863858219,1,136.40085019286784,1,-5.671712674384088,0.07412448264883785,0,-3.1152647975077885,-7.494489346069056,-0.15384615384614886,25.3,24.6,24.3,22.0,1.6999999999999993,31.5,35.41,High,7,3,0,0,0
2023-08-01,29.3,762.12,626.21,854.32,229.73,121.8,125.0,125.8,64.95746845306378,65.3762694210572,1,162.99189450254084,1,1.1891789453735813,-0.04769772392821512,0,-2.168674698795181,-3.325599381283839,5.981465880370673,27.0,24.8,24.4,23.1,2.3000000000000007,32.8,37.92,High,8,3,0,0,0
2023-09-01,30.6,762.02,626.7,890.8,219.66,121.7,126.3,120.9,24.77608029997871,65.30793760982274,1,14.815968341791397,0,9.189414461346113,0.10840229520486722,0,-1.0569105691056846,-0.23696682464454666,4.404145077720223,29.3,25.3,24.5,23.3,1.3000000000000007,33.9,40.01,High,9,3,0,0,0
2023-10-01,31.5,796.94,630.63,1004.98,105.39,120.7,124.8,120.0,3.4557067192855007,72.88701839639016,0,5.000000000000004,0,26.495317692075314,-0.014573092541141246,0,-2.9742765273311877,-0.8737092930897639,-7.550077041602476,30.6,27.0,24.6,23.7,0.8999999999999986,35.41,40.53,High,10,4,0,1,0
2023-11-01,32.8,835.4,648.9,1055.57,22.42,120.6,121.0,124.1,9.615283682359731,80.81859700006493,0,3.6233851263952843,0,23.55674688641256,-0.11077114850699749,0,-0.9852216748768461,-3.200000000000003,-1.3513513513513487,31.5,29.3,24.8,24.1,1.2999999999999972,37.92,40.66,High,11,4,0,1,0
2023-12-01,33.9,899.07,671.86,1126.69,6.62,119.1,122.8,122.3,17.985092254796477,47.217173453848794,1,7.205999680868036,0,26.480691513246523,0.0630878641890341,0,-2.1364009860312283,-2.771179730799689,1.1579818031430822,32.8,30.6,25.3,23.8,1.1000000000000014,40.01,40.87,High,12,4,0,1,0
2024-01-01,35.41,944.08,668.3,1153.01,5.9,117.6,119.9,122.5,18.463121439506104,22.556859486966463,1,5.973391687677387,0,14.729646361121617,-0.034482758620689606,0,-2.5683512841756517,-3.9262820512820484,2.083333333333326,33.9,31.5,27.0,24.3,1.509999999999998,40.53,39.53,High,1,1,0,0,0
2024-02-01,37.92,1505.3,679.36,1257.06,11.8,117.4,113.8,120.9,80.18913095523104,97.51482706135516,1,4.6940977038064435,0,19.088265107951162,-0.08318996614684493,0,-2.6533996683250294,-5.950413223140494,-2.5785656728444684,35.41,32.8,29.3,24.4,2.510000000000005,40.66,37.52,High,2,1,0,0,0
2024-03-01,40.01,1511.34,696.79,1340.2,24.79,118.9,110.9,130.6,68.1003703827288,98.33337707671714,1,3.710594469085815,0,18.95019925622843,-0.22863556553241618,1,-0.16792611251048584,-9.690553745928332,6.786590351594435,37.92,33.9,30.6,24.5,2.0899999999999963,40.87,37.77,High,3,1,0,0,1
2024-04-01,40.53,1237.06,701.24,1302.5,50.47,119.2,111.6,130.9,31.033387001101588,55.22624036941299,1,4.928924135867141,0,12.965195444965794,-0.042159201821928144,0,1.3605442176870763,-6.922435362802348,6.857142857142873,40.01,35.41,31.5,24.6,0.5200000000000031,39.53,39.16,High,4,2,1,0,0
2024-05-01,40.66,1436.07,732.4,1403.96,104.45,120.5,118.7,127.8,-4.599083239221424,71.90208283457027,0,7.807348092322175,0,11.685997486197962,-0.02175512770768376,0,2.640545144804074,4.305799648506148,5.707196029776673,40.53,37.92,32.8,24.8,0.12999999999999545,37.52,39.93,High,5,2,1,0,0
2024-06-01,40.87,1482.27,750.2,1462.98,142.97,121.0,115.2,131.8,-1.9234586525864406,64.86702926357235,0,7.66515018872258,0,9.161319206088647,0.027494584244515036,0,1.766190075693852,3.877366997294862,0.9188361408882129,40.66,40.01,33.9,25.3,0.21000000000000085,37.77,39.84,High,6,2,1,0,0
2024-07-01,39.53,1560.22,770.54,1379.48,188.79,120.9,110.7,135.0,26.123227652660354,65.2635369883908,1,9.882493868005238,0,5.910172744721698,0.05183858643744021,0,1.4261744966443057,-0.806451612903214,3.1321619556913705,40.87,40.53,35.41,27.0,-1.3399999999999963,39.16,29.63,High,7,3,0,0,0
2024-08-01,37.52,1587.39,830.46,1406.05,243.85,121.7,110.2,136.1,10.537090810336558,5.453397993755416,1,13.388858547241945,0,0.1488646400182203,0.010834066165084005,0,0.9958506224066355,-7.160909856781805,6.494522691705784,39.53,40.66,37.92,29.3,-2.009999999999998,39.93,26.98,High,8,3,0,0,0
2024-09-01,37.77,1618.22,1030.46,1410.2,163.35,124.6,113.6,142.4,9.171743339607508,7.071869996162361,0,37.35803785657157,1,-3.6077048216653695,-0.17573743548340592,0,2.975206611570247,-1.388888888888895,8.042488619119869,37.52,40.87,40.01,30.6,0.25,39.84,25.22,High,9,3,0,0,0
2024-10-01,39.16,1641.12,1184.83,1440.5,96.85,126.9,114.4,152.7,5.185166194511015,32.66292661633228,0,53.76618994471409,1,4.42340592107171,-0.09442455652917293,0,4.962779156327546,3.342366757000903,13.111111111111097,37.77,39.53,40.53,31.5,1.3899999999999935,29.63,24.68,High,10,4,0,1,0
2024-11-01,39.93,1670.78,1190.1,1485.6,26.64,127.7,111.4,164.1,5.253277392449229,16.343910812147033,0,43.30611950003611,1,5.65769353863661,0.05660377358490569,0,4.930156121610518,1.0889292196007316,20.573108008817044,39.16,37.52,40.66,32.8,0.7700000000000031,26.98,24.55,High,11,4,0,1,0
2024-12-01,39.84,1553.73,1202.4,1550.2,5.96,127.3,111.4,162.1,-3.985243044827036,4.820984031249376,0,16.685751994254993,1,9.9276698340661,-0.042899747648543346,0,2.1669341894061,-1.936619718309851,13.83426966292134,39.93,37.77,40.87,33.9,-0.0899999999999963,25.22,25.41,High,12,4,0,1,0
2025-01-01,29.63,1535.95,1210.5,1655.4,5.91,124.6,111.8,153.0,-6.408428390367549,-1.5555498583533112,0,2.1665555396132907,0,14.91843110031239,-0.03284628872004674,0,-1.812450748620975,-2.272727272727282,0.19646365422396617,39.84,39.16,39.53,35.41,-10.210000000000004,24.68,26.2,High,1,1,0,0,0
2025-02-01,26.98,1500.92,1245.8,1680.1,15.19,126.6,112.6,156.0,-10.166509055650652,-5.447306585023215,0,4.68027896815395,0,13.092353257942912,0.1801986791719851,0,-0.8613938919342257,1.077199281867136,-4.936014625228513,29.63,39.93,37.52,37.92,-2.6499999999999986,24.55,25.3,High,2,1,0,0,0
2025-03-01,25.22,1526.37,1225.4,1698.0,25.0,127.2,109.7,161.8,-1.7609237126141708,-5.675989667659531,0,1.9128409846972616,0,9.534253644691004,-0.2221012157446714,1,-0.07855459544382493,-1.526032315978454,-0.18507094386179812,26.98,39.84,37.77,40.01,-1.7600000000000016,25.41,20.16,High,3,1,0,0,1
2025-04-01,24.68,1595.05,1239.33,1722.45,48.29,128.2,110.9,158.0,3.8477815033041374,-2.807229209320461,0,2.3816604708797984,0,4.050380572671264,-0.08353215486389756,0,2.8892455858748,-0.8050089445438169,3.267973856209161,25.22,29.63,39.16,40.53,-0.5399999999999991,26.2,16.3,Elevated,4,2,1,0,0
2025-05-01,24.55,1595.2,880.2,1758.26,88.51,127.1,109.0,152.2,6.281480691842334,-4.523635667173409,0,-29.346604591427194,0,4.652104041426108,-0.17104400529829666,0,0.3949447077409074,-3.1971580817051426,-2.4358974358974383,24.68,26.98,39.93,40.66,-0.129999999999999,25.3,14.21,Elevated,5,2,1,0,0
2025-06-01,25.41,1549.79,895.5,1813.81,151.37,128.1,107.3,155.7,1.534359296893939,-0.25358331241592813,0,-26.921821446058438,0,6.8203769140164905,0.08786357429595193,0,0.7075471698113178,-2.1877848678213407,-3.770086526576033,24.55,25.22,39.84,40.87,0.8599999999999994,20.16,10.84,High,6,2,1,0,0
2025-07-01,26.2,1530.3,920.15,1412.3,163.45,129.8,106.5,166.8,-4.059433873546281,-0.3678505159673273,0,-25.754238177079547,0,-18.00632819530321,-0.08934256606176388,0,1.2480499219968966,-3.9675383228133465,5.569620253164564,25.41,24.68,29.63,39.53,0.7899999999999991,16.3,8.89,High,7,3,0,0,0
2025-08-01,25.3,1534.78,944.8,1442.1,216.8,130.0,105.6,169.1,-3.7876128385155527,2.255949684193692,0,7.339241081572356,0,-17.981413442835535,-0.10129659403489756,0,2.2816679779701143,-3.1192660550458773,11.103810775295674,26.2,24.55,26.98,37.52,-0.8999999999999986,14.21,12.12,High,8,3,0,0,0
2025-09-01,20.16,1497.79,962.3,1460.5,194.14,128.6,104.8,167.9,-3.3552932978016425,-1.8724162555605717,0,7.459519821328864,0,-19.47888698375243,-0.020371384908163027,0,0.3903200624512104,-2.329916123019571,7.83558124598589,25.3,25.41,25.22,37.77,-5.140000000000001,10.84,14.31,Elevated,9,3,0,0,0
2025-10-01,16.3,1459.59,985.12,1498.0,113.08,126.4,103.8,169.4,-4.620662615173499,-8.492523745337143,0,7.060805303483142,0,6.0681158394108925,0.057330626202179956,0,-2.6194144838212696,-2.5352112676056415,1.5587529976019088,20.16,26.2,24.68,39.16,-3.8599999999999994,8.89,16.06,Elevated,10,4,0,1,0
2025-11-01,14.21,1443.85,998.4,1510.45,25.43,125.2,105.6,165.0,-5.924627633927992,-9.487838515546642,0,5.673158340389506,0,4.739615838014011,0.008612385970876534,0,-3.6923076923076947,0.0,-2.424600827912471,16.3,25.3,24.55,39.93,-2.09,12.12,,Low,11,4,0,1,0
2025-12-01,10.84,1450.97,1012.3,1555.2,5.87,124.5,107.2,165.2,-3.1259388832880375,-6.376347763245338,0,5.195884859191513,0,6.484080794248559,-0.05735260380821297,0,-3.188180404354579,2.2900763358778775,-1.6081000595592698,14.21,20.16,25.41,39.84,-3.370000000000001,14.31,,Low,12,4,0,1,0
2026-01-01,8.89,1416.52,1034.76,1568.1,5.68,124.1,107.5,168.6,-2.9508286573626807,-7.435143435927594,0,5.0389800227383486,0,4.679572763684914,-0.07048509643483349,0,-1.8196202531645667,3.5645472061657024,-0.47225501770956635,10.84,16.3,26.2,29.63,-1.9499999999999993,16.06,,Low,1,1,0,0,0
2026-02-01,12.12,1355.53,1051.47,1582.4,10.28,125.5,108.7,174.2,-6.116978910551651,-11.67919832158355,0,5.315504807692317,0,4.763481081796828,-0.20128752982962433,1,0.23961661341853624,2.9356060606060774,5.575757575757567,8.89,14.21,25.3,26.98,3.2299999999999986,,,Low,2,1,0,0,1
2026-03-01,14.31,1379.98,1288.54,1648.06,34.19,128.6,110.4,183.1,-4.892589095570554,-7.865588633920639,0,27.288353254963948,1,5.970936213991762,0.06385437734758731,0,3.2931726907630576,2.9850746268656803,10.835351089588375,12.12,10.84,20.16,25.22,2.1900000000000013,,,Low,3,1,0,0,0
2026-04-01,16.06,1361.22,1532.93,2474.69,64.47,130.7,111.3,193.9,-3.9039335837121936,-6.739563850122288,0,48.14353086706096,1,57.81455264332634,0.22353866175035253,0,5.31829170024174,3.5348837209302264,15.00593119810203,14.31,8.89,16.3,24.68,1.7499999999999982,,,Elevated,4,2,1,0,0
